GCTCTGTCAATGGATA,1
GATGAGGGTACGAAAT,0
AGGCCACGTACAGCAG,0
ACGCCGAGTCACACGC,0
TCTTCGGAGGCTAGCA,0
GGCTCGATCTTTAGGG,0
CGGGTCACATACCATG,1
CTCTACGTCTTCCTTC,1
AACGTTGAGTCGTACT,0
CAAGAAACAGCTGCAC,0
TGGCCAGCAGGAATGC,0
CCAGCGAGTTTAGGAA,1
ACCGTAACAGCTTCGG,0
CGTCACTCAAGCCCAC,0
ACATACGGTATCGCAT,0
CTCTGGTGTTCCGTCT,0
TACTTACAGTTAGGTA,0
CTCGAGGTCCAGAAGG,0
GTGGGTCGTACAAGTA,0
GCCTCTAGTCGACTGC,0
ACTTGTTCAATGACCT,0
ATGCGATGTGCCTTGG,0
CGCCAAGCACTTGGAT,0
GTAACTGAGACAAAGG,0
GCTGCTTGTCCCTACT,0
TGCTACCGTTCGAATC,0
TTCTCAACACCACCAG,1
TGGCGCACAGCAGTTT,0
GTCTTCGAGCTGAAAT,0
CTCGGAGAGTGTACCT,0
CGATCGGTCAGGTAAA,0
GGATTACAGGTGCTTT,0
GTACGTAGTCCCGACA,1
AACTCCCAGCTATGCT,0
GGACATTTCGCCTGAG,1
TGTATTCTCGAGGTAG,1
AGATCTGCACAAGACG,0
AGCTTGACAGCCTATA,0
GCGCAACAGGGTATCG,0
ACTGATGTCTCTTATG,0
TCTCATATCAAGATCC,0
TCCCGATAGTTTGCGT,0
TTGGAACGTTGGGACA,0
ACATGGTAGAAGGTGA,0
TTCTTAGGTCATACTG,0
TAAGCGTCAATCAGAA,0
AGCATACCATCTACGA,0
CGTCCATAGCATGGCA,0
CCTTTCTAGTGTGGCA,0
GTCACAAAGCGACGTA,0
TGACAACCATGTTGAC,0
CATTCGCGTAAACGCG,0
CTGATCCAGTATCGAA,0
ATTTCTGTCAAGATCC,1
ACAGCTATCACGCATA,0
TACAGTGTCTGCGGCA,0
CGCTGGACAGTAACGG,1
CAGCATAAGGGAGTAA,0
GACTAACTCTCAAGTG,0
GTCACAACAAACTGCT,0
GGGCACTAGAGACGAA,0
CTCGAGGTCCGTTGTC,0
TGGGCGTCAATCAGAA,0
CTTAACTGTGTGACGA,0
CAGATCAGTTACGTCA,0
CGTCCATTCAGGTTCA,0
TCTTTCCGTCATATCG,0
TGACTAGAGGTAAACT,0
ATAAGAGTCCCGGATG,0
CTACATTTCCAAACTG,0
GGCTGGTTCGTCCGTT,0
GACGGCTTCCGCTGTT,0
GACCTGGAGGCCCTTG,0
ACATGGTGTTATGCGT,0
TCAGATGAGCAATATG,0
AGTCTTTTCGGCTACG,0
CAAGATCAGTGGAGAA,0
GAGTCCGAGCATCATC,1
AAAGCAAGTCATATCG,0
ACGTCAAGTTCATGGT,0
GCTGCAGTCCTGCAGG,0
AGTAGTCGTGAGGGTT,0
CAACCTCCACCAGCAC,0
ACTATCTAGAAGCCCA,0
CTAGCCTTCTGGTGTA,0
ACGCCGACAAGAGTCG,0
AGTGGGAAGCGGCTTC,0
ATTGGACCAGCTTCGG,0
CACCTTGAGTTCGATC,0
GTACTTTCACCAGATT,0
CCGTGGAAGCAAATCA,0
GGTATTGAGGACCACA,0
GAACGGATCAGCTCTC,1
GACTGCGTCTTACCTA,0
GTGAAGGAGTGGGCTA,0
GGCCGATAGACGCAAC,0
GGGCATCGTCCGTTAA,0
TTGGCAACACAAGCCC,1
CGTCTACCACCAGATT,0
CAGTAACTCATCACCC,0
CATATGGCAATTGCTG,0
AGGGTGATCTGAGGGA,0
TGGCCAGCAGGGTATG,0
TCAGCAAGTCTCCATC,0
GACTAACAGTATCGAA,0
CCTTTCTCACCCATGG,0
GCGGGTTTCTGCTGCT,0
GGCGTGTTCATCGATG,0
CTTGGCTTCAAGAAGT,1
CACATTTCAACACCCG,0
GTGTTAGTCGGCTACG,0
CCTTCCCCACAGATTC,0
ATTGGTGCAATAGCAA,1
CTGCCTAAGACAAAGG,0
CTTAGGAGTTGGTGGA,0
TTAACTCAGCGTTTAC,0
CACTCCACATGTCCTC,0
GCATGTAGTAGAAGGA,0
TGCTACCTCTGCGACG,1
GGAACTTGTACCGTTA,0
CTAGCCTGTTCGGGCT,0
CAGCTAACAAGCGATG,0
CTTGGCTTCTTGAGAC,0
CCACGGATCCCTTGTG,0
TGGACGCCAGTAACGG,1
GATCGATAGGGAGTAA,0
GACGTTAAGGCGATAC,0
CCTACCAGTGCTGTAT,0
GGCAATTAGACAAGCC,0
GTCCTCATCCTTGGTC,0
CGCTATCAGGGTGTGT,0
GGTGTTAAGGATGCGT,1
GTCCTCACAAAGGAAG,1
CTGGTCTCAGCGTAAG,0
AGGTCCGAGCTGGAAC,0
TGCGCAGTCAGGTTCA,0
GGAAAGCAGCGATCCC,0
GACCAATCATACGCTA,0
CGTCCATCATAGAAAC,0
GTTCATTGTTGTCGCG,0
TGCGCAGAGAAGGTGA,0
CTCCTAGGTCTAGAGG,0
CTGTGCTGTGTGAAAT,0
ACCCACTGTAACGACG,0
CGTGTAAAGACTAGAT,0
TGGGCGTGTCTTGTCC,0
GCAATCATCTTACCGC,0
ACCGTAAGTCTGGTCG,0
TCATTTGGTGACGGTA,0
TTAGGCATCACGACTA,0
ACTGTCCCAATGGTCT,0
CTCGTACAGTTCGATC,0
ACTATCTCAATACGCT,0
AGTTGGTGTCTCATCC,0
GACGGCTTCAAGCCTA,1
AGAATAGCACTACAGT,0
AACTCCCAGCTGAACG,1
GCGCAACCAGCTGGCT,0
TAAGTGCAGTACGTAA,1
GTGCGGTGTAAATGTG,0
ATTGGACCATCGGACC,0
CACAGTAAGTTGTCGT,0
TCACGAACAGCATGAG,0
CGATTGACATATGCTG,0
TGACTTTTCTATGTGG,0
AAGACCTCACGAGGTA,0
GACGCGTGTGCCTTGG,0
TGTCCCAGTGCATCTA,0
CAACTAGAGCGATGAC,0
GTGCATAAGAGTCGGT,0
AGGGATGCATGTAAGA,0
ACGATGTAGGCCATAG,0
CTTAGGAGTTGGTAAA,0
TAGTTGGCAATAGCAA,0
GCGGGTTCACTAAGTC,0
ATGCGATTCTTGAGGT,0
GAGTCCGGTAGCGCAA,0
CGATGTAGTTCGTCTC,0
GGTGCGTCATCTGGTA,0
GAACGGATCATAAAGG,0
CTCGGGATCATCACCC,0
GGGACCTGTTATGTGC,0
AAGGTTCGTGACAAAT,0
CTGTGCTAGGTGCTTT,0
TGCCAAAGTTCGTGAT,0
ACGATACGTGCTCTTC,0
CATCGGGTCTGGAGCC,1
CAGCCGAGTTCCACAA,1
TCTCATACATAAAGGT,1
CCTCAGTGTAGTAGTA,1
AAGTCTGTCAAAGACA,0
CACACTCAGTCATCCA,0
CTGAAGTTCATACGGT,0
TCAGGATTCCGCAAGC,0
ACTGAACGTCTCGTTC,0
CTCGAGGGTGAAGGCT,0
TTATGCTTCTCTGCTG,0
GATGAGGCATCTGGTA,1
AGGCCGTAGGATGCGT,1
GTAACTGCACGGACAA,0
CCGGGATTCATTCACT,1
CACACCTTCCTGTACC,0
GTCATTTAGATCCCAT,0
GCATACAAGACGCACA,0
GGGACCTTCCGCGCAA,0
GTATTCTTCGCCGTGA,0
ACGATGTCAATGGAGC,0
GTCTTCGCAAGCTGTT,0
CTAACTTGTAGCCTCG,0
AGCATACCATTTGCCC,0
GCACTCTCAGCTATTG,0
GGGTCTGGTATGGTTC,0
GGAATAATCGAATGGG,1
GGCAATTGTCCGAAGA,0
CCTACACGTGCGCTTG,1
AGGCCGTTCACATACG,0
CCCATACCATGAAGTA,0
TCACGAATCCGATATG,0
GAACATCAGAACAATC,0
CACACTCAGACATAAC,0
GTTTCTAAGCTAACAA,0
ACATACGCAATCGAAA,1
CTCGTCATCAGATAAG,0
CTGTGCTAGTACGATA,0
CGAGCCATCACATAGC,0
GCGCAACTCTTTAGTC,0
GCAGCCACATGCTGGC,0
GCACTCTTCGGTTAAC,1
CAGTAACTCATCATTC,1
GACTAACGTGCGGTAA,0
GTAGTCACAGGGAGAG,0
CTTGGCTCACATAACC,0
CAGCCGAGTCCCGACA,0
GTGCTTCGTGGCCCTA,0
GCAATCAGTCCGAGTC,0
CGAGCACCAAGCGAGT,0
TTGGCAATCTGGTATG,0
AGTAGTCGTACAGCAG,0
GGCAATTAGGACAGAA,0
CATATGGCAAGTAGTA,0
GCATACACAGGTCGTC,0
CTCGAGGTCACCAGGC,0
CCTATTAAGGCCCTCA,0
CTCGTACCACCAGTTA,0
GAAACTCAGTGGAGAA,1
TTTGTCAGTAAGTGGC,0
CGCTTCATCTGATACG,0
ACAGCCGGTGCGGTAA,0
GACCTGGAGCGTGAGT,0
GATCGTAGTCCGCTGA,0
TGAGCATTCCTGCAGG,0
GCGAGAAAGCCAGGAT,0
CCACCTAGTCCAGTAT,0
GCATGATTCACCAGGC,0
CGTAGCGCAGGTTTCA,0
AGCTCCTTCTCCAACC,0
GCTTCCACAAGGACTG,0
GGTATTGAGTTATCGC,1
TGGACGCGTAACGCGA,0
TATTACCTCATAACCG,0
TTTGCGCGTTGGTGGA,0
GTGAAGGGTAGGACAC,1
TTCGAAGTCACAGGCC,0
AGAGCGATCCTCATTA,0
GCGCAACCAATGGATA,0
ATAGACCAGCAAATCA,0
CGGACTGTCCTCTAGC,0
CCCTCCTAGTGACTCT,0
ATTTCTGGTCGCTTTC,0
CATCAAGAGACGCACA,0
GCGACCAAGCGAAGGG,0
ACGCCAGAGTGTTAGA,0
AGAGCGAGTGCCTTGG,0
GAAATGAGTCGGCACT,0
CGTTAGATCATTGCCC,1
CTCACACCACGTGAGA,0
GACTGCGTCTGTCCGT,0
CAAGATCGTAAATACG,0
GGGCACTTCTTGGGTA,0
CATCGGGGTCTCACCT,1
GTCACGGCACGAGGTA,0
GTAACTGTCTAACTCT,1
GCATGATGTCATATGC,0
TAAGAGACAAGCTGAG,0
CGTGTAAGTGTCTGAT,0
CATTCGCCAGCTCGAC,0
AACTTTCCAACTGGCC,0
CATCAAGCACGAAAGC,0
TTGAACGAGCCACGCT,0
TTGCCGTCATAGACTC,0
CAGTCCTGTCAGAATA,0
GCGGGTTGTCCATGAT,1
AGCCTAAGTCACACGC,0
CTACATTGTCTGATCA,1
CGGAGCTAGGCTAGCA,0
GCGAGAACAGCCTGTG,0
CCTACCAAGATGCGAC,0
AGTCTTTGTGTGACCC,0
TCAGATGGTACCAGTT,0
GATCAGTGTAAGAGGA,1
GTAGTCATCATGCATG,0
CAAGGCCAGGACATTA,0
ACGCCAGAGCGTGTCC,0
AACGTTGCAAACCCAT,1
TGACTAGCATCGATGT,0
GATGAGGCAAGCTGTT,0
CAAGTTGGTCGAGATG,0
AATCCAGGTGTCCTCT,0
GAAACTCAGACTTTCG,0
AGATTGCGTTTGGGCC,0
GCGCAGTTCTACTATC,0
CTGAAGTTCTGCGTAA,0
ATAACGCAGGGTGTTG,0
GTGGGTCCAGCTTCGG,1
TCGCGTTGTTCTGAAC,0
CGCGGTACATGCGCAC,0
AGCGGTCCAAGAGGCT,0
ATGTGTGTCGTAGGTT,0
TACTCGCTCCTGCAGG,1
TGTCCCATCCACGACG,0
ACCCACTCATGATCCA,0
TCTGAGAGTGACTCAT,0
TACTCATAGCGTTTAC,0
CGAGCCACAGTCAGAG,0
CTACATTCATCACGAT,0
GCATGATCAAGCGATG,0
AGTAGTCTCCTAGTGA,0
GGGTTGCCAAGAGTCG,0
CTCGGGATCAGGCGAA,0
ACGAGGATCTCTAAGG,0
ACACCGGTCAGTTGAC,0
ATTGGTGTCGCTAGCG,0
CCACCTACAGCTGGCT,0
ATCTGCCCACGTCTCT,1
CAGTCCTTCTGGCGAC,0
CTCGTACGTGTAACGG,0
GGAATAACAGTCAGCC,0
CTAGTGAAGTGCGATG,0
CCATTCGTCGTCCGTT,0
GACGTTACATCGATTG,0
TACCTTATCTACGAGT,1
TGGGCGTAGCTAACTC,1
GATCGCGTCTGGTATG,1
CAGCATACATGTCGAT,0
CTTCTCTTCGGTCTAA,0
ACACCAATCTAACTTC,0
GATCTAGCAGCCAGAA,0
TCGGGACGTCTCATCC,0
CGTAGGCCAGCGTAAG,0
TGGGCGTGTATGAATG,0
CGCGTTTGTACCGTTA,0
TTTACTGCATTACGAC,0
TGTGGTAGTTACGGAG,0
TCTTCGGAGTCCTCCT,0
CACACCTGTCAATACC,0
TGGTTCCAGGATGTAT,0
CACCAGGCATGAGCGA,0
AAGTCTGAGCGTCTAT,0
AGCTCTCCAACCGCCA,0
CTCTAATCATCTCCCA,0
TGCTACCGTCCGTTAA,0
CTGTGCTAGAACAATC,0
CAGAGAGAGAGCCTAG,0
CAACCAAAGCGACGTA,1
GCGCGATTCACATAGC,0
ACACTGAAGCATGGCA,1
CAAGAAATCTGGAGCC,0
CATCAAGGTCTTCAAG,0
CGATGTACAAGACACG,0
CCCAGTTTCAATCTCT,0
CGATCGGCACGTAAGG,0
AGATTGCTCGCCCTTA,0
TGTGTTTAGAAAGTGG,0
TCGTACCGTATCGCAT,0
GTACTTTTCGGCTACG,0
GACACGCCATGGATGG,1
AAGTCTGGTCGGGTCT,0
TGGACGCTCTACCTGC,1
GTTTCTAGTTTAGCTG,0
CGTAGGCCACTGTCGG,1
AGACGTTAGGGCTTCC,0
GCGGGTTCATCGGAAG,0
GCTTCCATCGTATCAG,0
CAGCTAATCAATCTCT,0
TAGGCATAGACTTGAA,0
AGTCTTTGTCTAGTGT,1
GCGCCAATCTATCCCG,1
CTCAGAATCATCGGAT,0
TTATGCTCAGATCTGT,0
CGGACACTCCGCAGTG,0
ATCACGATCATCTGTT,0
ATCATCTTCTCGAGTA,0
TGATTTCGTCACACGC,0
ACACCCTTCGATGAGG,0
GACGTGCCAGTATGCT,0
TGGTTAGGTTTGTTTC,0
GCTGGGTTCTCTTGAT,0
ACGATGTGTCAACATC,1
ATCACGACACATTAGC,0
GACTGCGGTCGTCTTC,0
CTCACACAGGCTATCT,0
ATAACGCTCGAATGCT,0
TAGAGCTTCGTCGTTC,0
GACTGCGAGGTGCTTT,0
TCCCGATCACCGCTAG,0
TGGTTCCGTTCACCTC,1
ATGCGATAGACACTAA,0
AATCGGTGTCAGAATA,1
TGTATTCGTCCTCCAT,1
GGCTCGAAGGAGTACC,0
GATCTAGCATACCATG,0
CTCAGAAAGTGTACTC,1
CGGTTAAAGGTTCCTA,0
TGAGGGACAAGCCGTC,0
CATCGAAAGTGTTTGC,0
ACGTCAATCCAAATGC,1
GTTAAGCTCACTTCAT,0
ACTATCTCAATGAAAC,0
ACAGCCGGTCAAAGCG,0
CATCGGGTCTATCCCG,0
CCCAATCAGGGAGTAA,0
CGAGCACGTTGATTCG,0
TTTGTCAAGCCACCTG,1
ACGGCCACAATGAAAC,0
TCTCTAACAGACGCAA,0
CGTAGGCTCTACTTAC,0
GGAGCAAGTTACGTCA,0
CCACGGATCAATAAGG,1
TAGACCAGTACCCAAT,0
AAGGCAGGTGCCTGTG,0
GCACTCTGTAGTGAAT,0
ACGGGCTGTTGCGCAC,0
ACATACGGTTAAAGAC,0
TAGACCAGTTCAGGCC,1
TAAGCGTGTACTCTCC,0
CATCGAAGTCTTCGTC,0
CTTAGGAAGTATTGGA,0
CTGTTTATCACAAACC,0
CACATTTAGAGTCTGG,0
ACGGGTCGTGCAGTAG,1
GTTCTCGTCTGCTTGC,0
ACGGCCAGTCTAACGT,0
CTGCCTAGTGGTACAG,0
ATAAGAGCATAAGACA,0
CGATCGGTCTGCTGCT,0
TTCTTAGGTGCTTCTC,0
TCGCGTTGTTCAGACT,0
CGAACATGTCTCTTAT,0
GGCTCGACAGTTCATG,0
ACATACGAGTACGACG,0
GTCAAGTTCTTGCAAG,0
GGCGTGTGTGTTCGAT,0
TTAACTCTCTTACCGC,0
TGACTAGTCTCGAGTA,0
CATCGGGCAATGGAGC,1
CATTCGCCATGACGGA,0
TTAGGCATCAATAAGG,0
ATCTACTTCAGTGTTG,1
TGCGTGGTCTCGTATT,0
GTACTCCCACGCGAAA,0
CGTGAGCTCGGAGGTA,0
GGGAATGGTGCGAAAC,0
GCAGCCATCCGCGTTT,0
TGTATTCTCACATGCA,0
TCTATTGAGGTGCACA,1
CGTGAGCAGAGATGAG,0
TGAAAGATCTAGCACA,1
GATCTAGCAATGTTGC,0
TGAGAGGAGCGGCTTC,0
CATGACATCTATCGCC,0
GGCTCGACAATCCGAT,0
ATAACGCAGTAATCCC,1
TGGCCAGGTATCGCAT,0
GGGAATGAGAGTGACC,0
GACCTGGGTTGTCGCG,0
TCAGATGAGGCCGAAT,0
TTATGCTGTATCACCA,0
GGTATTGCAAGTAATG,0
ATCACGATCAACACGT,0
GCTGCGATCGGCTACG,0
TCCACACAGCTGCAAG,0
CCGGGATCAGACGCTC,0
CCAATCCCATGATCCA,0
CACATAGGTTATCCGA,1
CGATGTAGTCATGCAT,0
CGGACGTTCACTTACT,0
ATTGGTGCATCACGAT,0
CGGCTAGTCCAAGCCG,1
TGACAACTCCATGAAC,0
AACTCTTCACCCTATC,1
GCTGCTTGTAAGGATT,0
GTAACTGAGATATGGT,0
ACGATACTCCTCAACC,0
CATGACAGTTGTACAC,0
GGGATGAGTATTACCG,0
GTCACGGCATGAGCGA,0
CTAGCCTCAGGGTTAG,0
ACGAGGAAGTGGAGAA,0
CTAACTTAGGGCTCTC,0
AGAGCTTAGCTGCGAA,0
ACGATACTCGTGGGAA,0
GGACGTCGTACCCAAT,0
CACACCTCATCGACGC,0
CCAATCCCAATGGATA,0
TTAGTTCGTTGGACCC,0
CACTCCACAGTATAAG,0
CCATGTCGTACCGAGA,0
AAGACCTCAGTACACT,0
TGGTTAGGTTGAGGTG,0
TACGGATTCCAGTAGT,0
GTGCAGCAGCTACCTA,0
ATTGGACAGATCTGCT,0
CTCAGAATCCTATGTT,0
ACACCCTCACCTCGGA,0
CACTCCATCTAACGGT,0
AGGGATGCACAACGCC,0
ACACTGACAAGACGTG,1
ACGGGCTGTTCAGACT,0
CAAGTTGTCTCTTATG,0
TCGAGGCGTCTCCATC,0
ATAAGAGTCACATACG,0
CAGTCCTCAGTTCATG,0
CCACCTAAGTGGGATC,0
CTTGGCTGTTCGGGCT,0
AAGGCAGCAACTGCTA,0
ACCAGTATCAGTACGT,0
TTATGCTGTTGAGGTG,0
CCTATTATCCTTAATC,0
CTTACCGCACCAACCG,0
AAGACCTCAATGGTCT,0
TGCCCTACATGTTGAC,0
AACTGGTGTAGCGTCC,0
GTGAAGGAGAGTAAGG,0
CTTCTCTTCGGAATCT,0
CACACAAGTGACGGTA,0
CTAATGGTCTACCTGC,0
AGTGTCAGTGAGGGAG,0
TTGGCAAGTCCGAACC,0
GGACAAGAGGTACTCT,0
TAGCCGGTCCCGACTT,0
GTATCTTAGAGCTGCA,0
ATTTCTGCAAGACACG,0
GGTATTGTCATAGCAC,0
GGAAAGCAGGCATGTG,0
GACTGCGTCAACACGT,0
GTCATTTCATCGGTTA,0
CTTTGCGAGTTGAGTA,0
GTTACAGGTATAATGG,0
CTGAAACAGGCATTGG,0
ACTTACTAGTAGCGGT,0
GCAATCAGTCAAAGCG,0
AGTAGTCAGCTGCCCA,0
GTTCATTGTAGCACGA,0
TCCCGATAGTCTCGGC,0
GATCGTATCACGCGGT,0
CAGAGAGCACACGCTG,0
GACTGCGCAAATTGCC,0
TCGCGTTCATACGCCG,1
TGCGCAGCAGGAATCG,0
GCACATAAGCTGAAAT,0
CTCTAATCATCCGCGA,0
TAAACCGGTAATAGCA,0
TTGTAGGTCGACAGCC,1
CCCATACAGACTAAGT,0
TCATTTGGTCTAGAGG,0
GCAGTTACATCTGGTA,0
GTGCGGTCACCCATGG,0
CGATGTAAGTACGTTC,0
CCATTCGGTCATTAGC,1
TTTGCGCTCAAGGTAA,0
CTCGTCAGTTCGTTGA,0
TTCTACAGTATATGGA,0
AGAATAGAGACAGGCT,0
GTTCGGGCATGCGCAC,0
CCGGGATGTCATTAGC,0
TCAGGATAGTCGATAA,0
ACATGGTGTTGTACAC,0
ACTGAGTTCAATCTCT,0
ATGTGTGCAGTAACGG,0
GCTGCGAAGGGAAACA,1
GTCGGGTGTAGAAAGG,0
ACTTTCACAGTTAACC,0
TCGTACCCACCTATCC,0
TGCGGGTTCTGTCTCG,0
CTTAGGACATTATCTC,0
GGCGACTCAGACAGGT,0
CTAGAGTCAACGATCT,0
CTCTACGCAGTGGGAT,0
ACTTACTAGCTAACAA,1
GTCACGGAGACCACGA,0
TGCCAAAAGGACTGGT,0
CGTCAGGCAGTCAGCC,0
CCACCTAAGACGCACA,0
GTAGGCCAGCCGGTAA,0
GATGCTAAGGCCCGTT,0
AGCTCTCGTTCCACAA,0
CTCGGGAAGATATACG,0
GGAAAGCGTCGCGAAA,0
ACAGCTACACGGCCAT,0
GTCGTAACAAACCTAC,0
ACGCCGATCAGTGCAT,0
GAACGGAGTAGCTGCC,0
ACGATGTCACATCTTT,0
TGGCCAGGTATCTGCA,1
TCAGGATAGTCGTACT,0
CATCGGGTCTACGAGT,1
GCATGATGTTATGCGT,0
GAACATCTCATTGCGA,0
GCGCCAACAGGCAGTA,0
TCGAGGCCACGCGAAA,0
AGTGAGGCATGGTCAT,1
CGACTTCGTTCTCATT,0
GTAACGTCACTCTGTC,0
CATATGGGTGGTTTCA,0
GGTGAAGGTAGCCTCG,0
GTCGTAAAGCTCCTCT,1
GACGTTACACACCGAC,0
ACCTTTATCGCAAACT,0
CTCATTAGTTTAGCTG,0
GGGTCTGTCTTACCGC,0
GTCCTCATCCGCGCAA,0
TCTCATAAGCGCCTCA,0
TACTCGCTCTCCAACC,0
ACTGTCCGTTCCGGCA,0
TCGAGGCGTGTTTGTG,0
CATCGGGCAGCTATTG,0
CTCGGGAGTGTGAATA,0
GGAACTTCAATCACAC,0
GCTGCGATCAACACTG,0
AGAGCTTGTGGTACAG,0
TGGGAAGGTCTCTCGT,0
CCCATACCATGCTAGT,0
TAAGCGTAGGTTACCT,0
AGTGAGGAGGTGCTAG,0
CTCGGAGTCTGCGTAA,0
CAACTAGCAACGCACC,0
ATGAGGGGTTACTGAC,0
GTTCTCGGTCTTGCGG,0
AAGCCGCTCCGCGTTT,0
CTAGTGACAGGCAGTA,0
CGTCACTTCACCCGAG,0
CCGTACTTCATCTGTT,0
GCGCAACAGCTGAAAT,0
GTAGGCCGTCATATCG,0
GGAAAGCCAGTCTTCC,0
ATAACGCCAAAGCGGT,0
TTGCGTCAGATAGTCA,0
CGTAGCGGTGTGGTTT,0
TAAGTGCGTACTCGCG,0
GATGAAATCTCGTTTA,0
TTCTTAGCATCCCATC,0
TTGCGTCTCCACGACG,0
CGCTTCACAGTCGTGC,1
GGTGCGTCACTCAGGC,0
CTCGAAATCACATACG,0
CCTACACAGAGTCGGT,0
ACGCCGAGTGCCTGGT,0
CCCAATCTCATAACCG,0
TTATGCTGTAGCTGCC,0
AGTGGGACAGTGAGTG,0
AGGTCCGGTCGCATCG,0
TTGGCAATCGCCTGAG,1
GGTGAAGAGAGTAATC,0
GCCTCTAGTTAAGGGC,0
GATGAGGAGTCTCAAC,0
TATGCCCTCCAGAAGG,0
GACCTGGGTAAGTAGT,0
TTGAACGTCGTTTAGG,0
CGGACGTGTGCGCTTG,0
CATTATCCAACGATCT,0
TTCTCCTGTACTCTCC,0
TCTTCGGTCCCTCTTT,0
TGACGGCTCTTATCTG,0
ATCTACTTCCCTTGCA,0
TCGCGTTAGTACCGGA,0
TGAGCATCATTTGCTT,1
TACGGGCGTGATGTGG,1
GACGTTAAGCCCGAAA,1
GTTACAGGTCAACATC,0
GGGCATCCACGCTTTC,0
CGGAGTCCAATGACCT,0
ATAGACCGTGCAACGA,0
GGGTTGCAGTGAACAT,0
AACGTTGTCGGATGTT,1
CTAGCCTAGGAATCGC,0
CTCAGAAAGGCGTACA,0
CACATAGCATGGTCTA,0
AGATTGCAGGAATTAC,0
ACACCAACAAAGGAAG,0
GACGTGCTCTCTTATG,0
CAAGTTGAGGACATTA,0
TCAGGATAGGTGCAAC,0
GCGCCAAGTCACAAGG,0
CTGGTCTTCGGTCCGA,0
GATCGCGGTGTTGAGG,0
GGGAGATGTCAACTGT,0
TACGGATAGTGGTAGC,1
TCTCTAAGTCCTCTTG,1
CTAATGGGTCTCTCGT,1
GAACGGACAATAGCAA,0
GCCAAATGTATAGGGC,0
CTACGTCCATGAAGTA,0
CTAATGGCACGTAAGG,1
GAATGAAAGCCACGCT,0
TTCTACAAGCGTTTAC,0
AAACGGGTCCTTGCCA,1
CGGAGTCGTCTGATCA,0
ACTTGTTGTAAATGTG,0
ATTGGTGCATGCATGT,0
GGGTTGCCAAACTGCT,1
GCTTGAACATGCCACG,0
GGATGTTCACGGATAG,1
TTGTAGGCACAACTGT,0
TGCTGCTTCCTGCTTG,0
CGTCAGGGTTCGCTAA,0
GGGTCTGGTTCCATGA,0
AAGCCGCCAGTGACAG,0
AACCGCGTCTTACCGC,0
TCATTTGGTCGTTGTA,0
TGGCTGGCACCTCGTT,1
ATTATCCGTCTACCTC,0
CGAGAAGGTTAAGATG,0
CTGAAGTGTCTCCCTA,0
TTCTCCTGTCGAATCT,0
AAGGCAGCAGTTTACG,0
TCCACACTCTTACCGC,0
GAGCAGAAGCTTTGGT,0
TGACTAGCAAAGGCGT,0
CACAGTACACTACAGT,1
ACGCAGCAGGAGTACC,0
CTGCGGACACTTCGAA,1
GTGTGCGCATTCTCAT,1
GTCTCGTTCTAACGGT,0
GACACGCCAATTGCTG,0
GGAATAACAAGTCTGT,1
GACGTGCCAGACAGGT,1
TTTGCGCAGCGGCTTC,0
CAGCGACCAGAAGCAC,0
TTAGTTCAGGCACATG,0
AAGGCAGAGGTGCTAG,1
CCATGTCCACAGACAG,0
GTACGTAGTGTTGGGA,0
GCATGATCAATACGCT,0
CTCTACGAGACTACAA,0
GTGCAGCAGGCTCATT,1
GTACTTTGTCTAGTGT,0
TTTGTCAGTTCACGGC,1
CCCATACTCTTGCATT,0
GCACTCTTCTTGAGAC,0
GTACGTAAGCGGCTTC,0
AGACGTTAGGGCTCTC,1
GCTGCTTCAATAGCGG,0
CTTAGGAAGTACGCGA,0
CCGGGATAGAAACGCC,0
GAACATCGTATTCGTG,1
CAGAGAGAGACCTAGG,0
CTGCGGAAGACGCAAC,0
TGACTAGCAGGGTATG,0
CAGTAACCACGGACAA,1
GCGCAGTTCACATGCA,1
TCCACACAGGGCACTA,0
ACGTCAATCCCAAGTA,0
GGGATGAAGGATATAC,1
GGTGAAGCATTTCAGG,0
ACCTTTACAGACAGGT,0
AACTCAGCATGCGCAC,0
GCGCCAAGTAAATGTG,0
GACCTGGGTCCGTTAA,0
GATGAAATCCAGATCA,0
TCGTACCGTAGCGCAA,0
GTCGTAAGTGTGCGTC,0
ATAAGAGCACCACCAG,0
ACGGGCTAGTCAATAG,0
TGACTAGTCTGCTGTC,0
GTGCGGTGTGTAACGG,0
TGGTTAGAGGATCGCA,0
CTCGAGGCAGTCGATT,0
TGCCAAATCTCTGCTG,0
CAGCATATCATCTGCC,0
CATCGAACACCAGCAC,0
CGGTTAAAGGGATGGG,0
ATCATGGAGTCGATAA,1
CGGCTAGAGATAGTCA,0
GGTGCGTAGGTAAACT,0
CATGACAGTAAGAGGA,0
CGTCTACAGGCCGAAT,0
TGCGTGGAGTCATCCA,0
TGTGGTATCCGTTGTC,0
GGCAATTCAGCCACCA,0
TACGGATTCGCTAGCG,0
AGTAGTCTCCGGGTGT,0
TGGTTCCAGTCAATAG,0
CGATGTATCAGCTTAG,0
TGTGTTTCATCGTCGG,0
AGATCTGTCCTACAGA,1
TCTGAGACATCACGTA,1
TTCCCAGGTCTGGAGA,0
TAAACCGCATTCACTT,0
TGGTTCCCAGACGCAA,0
CTACCCAAGGTAGCTG,0
TCAGATGAGCCAACAG,0
TGGTTCCTCAATACCG,0
GCGCAGTGTTGTGGAG,0
CAGCTGGAGCCACTAT,0
TAGTTGGTCGTTACGA,0
TCTATTGCACCAGGTC,0
TGTGTTTAGATCGGGT,0
CATTCGCAGAGTCTGG,0
CAGGTGCCACATCTTT,0
GACTGCGTCTACTCAT,0
CGAGCACCAGAGCCAA,0
GAAACTCCATGCGCAC,0
TAGCCGGCACGTAAGG,0
AAAGTAGTCCACGTGG,1
TATTACCTCCGTTGTC,0
CATGACAAGATCGATA,0
ACCTTTATCCTGCCAT,0
CATGACACACCCATGG,0
ACTTGTTTCCTGTACC,0
AGGGTGAAGTACGCGA,1
CGCTATCTCACCTCGT,0
GTACGTAGTCGAATCT,0
CGTCCATGTTCGTCTC,0
GGCTGGTTCTGTTTGT,0
ACATACGTCGCGCCAA,0
AACTCCCAGTCGTTTG,0
TCTGAGATCAGCTTAG,1
AGTGGGAAGATCCCAT,1
CATATGGCACTTCGAA,0
CCTTACGGTCCGCTGA,1
CCTAAAGCAGACGCCT,1
CTACACCCATTGGGCC,0
TGTCCCATCTCAAACG,1
GATTCAGAGTTACGGG,0
TGGGAAGAGTCTCCTC,0
TACAGTGGTTCGAATC,0
GCATACATCTCGCATC,0
TGAGCCGGTTCGAATC,0
TAGAGCTAGTAATCCC,0
CTAACTTTCGGCTTGG,0
ACATACGAGTGGGATC,1
GTAACGTCATGTCGAT,0
CAACCTCTCAATCTCT,0
GGACATTAGGACTGGT,0
TCGTACCTCTCAAACG,0
ATCACGAAGTCGATAA,1
TAGAGCTGTCATACTG,0
TCAACGACAGCGAACA,0
TCGAGGCAGAGTAATC,0
ATCACGAAGAATCTCC,0
TTCCCAGGTGGCGAAT,0
TAGACCAAGGGCATGT,0
GATCGATCAATAGAGT,0
CCAATCCCACGGTGTC,0
AGGCCACCACGAAAGC,0
ATTCTACTCGCATGGC,0
GCTGCAGCACCAGATT,0
TGTATTCAGTTACCCA,0
TGCCCTACAGGTCCAC,0
ACCTTTACAGTCACTA,0
GCAATCAAGAATTGTG,0
TCGGTAATCATGCATG,0
GCGAGAATCCTGCCAT,0
GTGCAGCGTTCTGAAC,0
CAGCGACAGTCCGTAT,0
TTAGGCATCTCATTCA,0
GGGTTGCCATCCTTGC,0
TAAGTGCAGATGAGAG,0
AACACGTTCCACGTGG,0
GTCTCGTAGAACAATC,0
CGTGAGCCAATCACAC,0
TCAGCTCCATCTGGTA,1
CGATGTAGTCAGCTAT,0
TCAATCTTCAGCTGGC,0
GGGAATGCAGGGAGAG,0
AGATTGCGTCATTAGC,0
TATGCCCCATATGAGA,0
AACTTTCCATCGTCGG,0
GGGACCTTCACCATAG,0
CACCAGGCACTAAGTC,0
CTCGGAGCAGCCAGAA,0
GCGCCAAAGATGCCAG,0
GAGGTGACACCTTGTC,0
AGCTCCTGTGGGTATG,0
CTTTGCGTCACCATAG,0
CACACCTCAAAGAATC,1
CACAGTACACACATGT,0
AAATGCCAGTACGCCC,0
GTCATTTAGGCTAGAC,0
AGATTGCAGACAGACC,1
CCCTCCTTCATTGCGA,1
GGAATAATCGGTCCGA,1
GCATGTAGTCAGTGGA,0
GCAGTTAAGCGTAATA,0
ACAGCCGAGTCACGCC,0
CGACCTTCCGATCTCG,1
TGCTACCAGACTACAA,1
GTCGTAAGTGCGATAG,0
CGGACTGTCAACTCTT,0
GGATTACGTGAGGGTT,0
CGAATGTAGCGTTCCG,0
CGTTAGATCCACGAAT,0
GGGATGAGTGTTCGAT,1
CGCGTTTAGATAGTCA,0
AGCGTATGTTGTGGCC,0
GCAGCCATCGTCGTTC,0
CACATAGTCGTCCGTT,0
CGCTTCACACATTCGA,0
GATCGCGGTTCGCGAC,0
ACGATACTCCCAAGTA,0
AGGTCATTCATGCAAC,0
AACTGGTGTCCAAGTT,0
GTTCTCGCAATCCGAT,0
GAAGCAGGTCAGAATA,0
AGTCTTTAGAATTGTG,0
ATGTGTGAGAGGACGG,0
CACTCCAGTATTCGTG,0
AGCGTATCAAGTAATG,0
TCCACACTCAACGCTA,0
CAGCCGAAGTCCTCCT,0
GGCTGGTAGCAATCTC,0
TGCTGCTGTCTAGTGT,1
CCTTCCCCATCGATGT,1
TGCACCTTCCTCAACC,0
AAAGATGGTCTCCACT,1
CCTTCCCGTAGGCATG,0
CTGCGGAAGTGTACTC,0
TGCCAAAGTTCACCTC,0
CTAATGGGTTCTGGTA,0
CCATTCGAGTTTGCGT,0
AACACGTTCGCTAGCG,0
GCAGCCAGTCTAACGT,0
TGGTTAGAGTTAAGTG,1
ACGCCAGTCGGAATCT,0
GGCGACTCAGTATGCT,0
CCTACCATCTGATACG,0
TTTATGCGTACGCTGC,0
TTTGGTTTCTATCCTA,0
CCCAGTTAGGCGTACA,0
TCTGAGAAGCTCAACT,0
GCAGTTAAGTACGCCC,0
TCACAAGGTAGGGACT,0
CGTTCTGGTACCAGTT,0
ACGATGTGTTGCCTCT,0
AACACGTGTAGCGATG,1
CTGCGGAGTTAAGTAG,0
AAAGATGGTAGTACCT,0
ACTGAGTCAAGCCGTC,0
TATTACCTCCTATGTT,0
TCTTCGGTCTTCTGGC,1
TCGTAGATCGCGTAGC,0
ACACCAAAGTAAGTAC,0
AACTCAGAGGTAGCCA,1
ATGGGAGGTGGTCCGT,0
GATTCAGGTTCAGTAC,0
AGTGGGACAAAGTGCG,0
GGCTGGTTCGAACGGA,0
CGTCAGGCAGACTCGC,1
AGGTCATAGTAGCGGT,0
TTTGCGCCATCCCATC,0
ACTTGTTGTACCATCA,0
GTAACTGGTTTAAGCC,1
CAGAGAGCATGCCACG,0
TCGGGACAGGGTGTGT,0
GATGCTAAGGGTGTTG,0
CCTATTAGTCAACATC,0
CATTATCAGTGGTAAT,0
TTCTACACATGTAGTC,0
GATTCAGAGTTGAGAT,0
ACTGCTCCAAGCCGCT,0
GCACTCTGTGTGACGA,0
TCTGGAATCCGTAGGC,1
GAAGCAGCACCATCCT,0
CTAAGACTCTCCCTGA,0
CACTCCAAGCTACCTA,0
CTTGGCTAGCAGGCTA,0
GTCCTCAAGAGGGATA,0
CATTATCTCACCAGGC,1
CAGCATATCCTCTAGC,0
AACGTTGAGCTCTCGG,0
GCACATAAGTTAGGTA,0
CAGAATCGTACATCCA,0
ATTGGTGCAAGCTGAG,0
CAAGATCAGTACGTTC,0
CTCGGGATCATAGCAC,0
ACTGATGGTAGATTAG,0
TAAACCGAGCTAAACA,0
CTCGAGGAGTCCAGGA,0
CGTCCATGTCAAAGCG,0
TAAACCGAGTCGTACT,0
GGGCATCGTTATCGGT,0
AGGCCACAGGCTAGAC,0
CCTAAAGAGACCACGA,0
AGCTTGAGTCGAACAG,0
TGCTGCTCATCTCCCA,1
ACTGCTCCACTCGACG,0
TGGTTAGGTAAACGCG,0
TTCTCAATCAGTACGT,1
TGAGCCGGTCTCTTAT,0
AGGTCCGTCCATGCTC,0
